"DESCRIPTION","DURATION IN MS","NAME","PARENT SUITE","START TIME","STATUS","STOP TIME","SUB SUITE","SUITE","TEST CLASS","TEST METHOD"
"","5","Should create ResourceAlreadyExistsException with message and cause","","Mon Jul 28 10:22:47 GMT 2025","passed","Mon Jul 28 10:22:47 GMT 2025","","com.talentradar.user_service.exception.ResourceAlreadyExistsExceptionTest","com.talentradar.user_service.exception.ResourceAlreadyExistsExceptionTest","shouldCreateWithMessageAndCause"
"","6","Should throw exception when user is already active","","Mon Jul 28 10:22:53 GMT 2025","passed","Mon Jul 28 10:22:53 GMT 2025","","com.talentradar.user_service.service.UserServiceTest","com.talentradar.user_service.service.UserServiceTest","completeRegistration_WithActiveUser_ThrowsException"
"","3","Should handle empty message","","Mon Jul 28 10:22:47 GMT 2025","passed","Mon Jul 28 10:22:47 GMT 2025","","com.talentradar.user_service.exception.ResourceNotFoundExceptionTest","com.talentradar.user_service.exception.ResourceNotFoundExceptionTest","shouldHandleEmptyMessage"
"","9","Should handle authentication with different user roles","","Mon Jul 28 10:22:50 GMT 2025","passed","Mon Jul 28 10:22:50 GMT 2025","","com.talentradar.user_service.service.AuthenticationServiceTest","com.talentradar.user_service.service.AuthenticationServiceTest","login_WithAdminUser_ReturnsCorrectRole"
"","5","Should throw exception when passwords do not match","","Mon Jul 28 10:22:53 GMT 2025","passed","Mon Jul 28 10:22:53 GMT 2025","","com.talentradar.user_service.service.UserServiceTest","com.talentradar.user_service.service.UserServiceTest","completeRegistration_WithMismatchedPasswords_ThrowsException"
"","4","Should handle empty message","","Mon Jul 28 10:22:47 GMT 2025","passed","Mon Jul 28 10:22:47 GMT 2025","","com.talentradar.user_service.exception.SessionNotFoundExceptionTest","com.talentradar.user_service.exception.SessionNotFoundExceptionTest","shouldHandleEmptyMessage"
"","2","filterSessions_withInvalidDate_shouldThrowException()","","Mon Jul 28 10:22:57 GMT 2025","passed","Mon Jul 28 10:22:57 GMT 2025","","com.talentradar.user_service.SessionServiceFilterTest","com.talentradar.user_service.SessionServiceFilterTest","filterSessions_withInvalidDate_shouldThrowException"
"","6","Should handle null message","","Mon Jul 28 10:22:47 GMT 2025","passed","Mon Jul 28 10:22:47 GMT 2025","","com.talentradar.user_service.exception.InvalidTokenExceptionTest","com.talentradar.user_service.exception.InvalidTokenExceptionTest","shouldHandleNullMessage"
"","4","Should throw RuntimeException when MimeMessage creation fails","","Mon Jul 28 10:22:50 GMT 2025","passed","Mon Jul 28 10:22:50 GMT 2025","","com.talentradar.user_service.service.SmtpEmailServiceTest","com.talentradar.user_service.service.SmtpEmailServiceTest","sendRegistrationInvite_WhenMimeMessageCreationFails_ThrowsRuntimeException"
"","76","Should return bad request for invalid email","","Mon Jul 28 10:22:56 GMT 2025","passed","Mon Jul 28 10:22:56 GMT 2025","","com.talentradar.user_service.controller.AuthControllerTest","com.talentradar.user_service.controller.AuthControllerTest","inviteUser_WithInvalidEmail_ReturnsBadRequest"
"","33","Should handle service exception gracefully","","Mon Jul 28 10:22:55 GMT 2025","passed","Mon Jul 28 10:22:55 GMT 2025","","com.talentradar.user_service.controller.UserControllerTest","com.talentradar.user_service.controller.UserControllerTest","getAll_WhenServiceThrowsException_ReturnsError"
"","10","Should complete registration successfully","","Mon Jul 28 10:22:53 GMT 2025","passed","Mon Jul 28 10:22:53 GMT 2025","","com.talentradar.user_service.service.UserServiceTest","com.talentradar.user_service.service.UserServiceTest","completeRegistration_WithValidToken_SuccessfullyCompletesRegistration"
"","5","Should throw exception when no manager users found for developer","","Mon Jul 28 10:22:53 GMT 2025","passed","Mon Jul 28 10:22:53 GMT 2025","","com.talentradar.user_service.service.UserServiceTest","com.talentradar.user_service.service.UserServiceTest","initiateRegistration_WithDeveloperRole_NoManagerUsers_ThrowsException"
"","6","Should handle null message","","Mon Jul 28 10:22:47 GMT 2025","passed","Mon Jul 28 10:22:47 GMT 2025","","com.talentradar.user_service.exception.SessionNotFoundExceptionTest","com.talentradar.user_service.exception.SessionNotFoundExceptionTest","shouldHandleNullMessage"
"","539","Should send registration invite email with empty invite link","","Mon Jul 28 10:22:50 GMT 2025","passed","Mon Jul 28 10:22:50 GMT 2025","","com.talentradar.user_service.service.SmtpEmailServiceTest","com.talentradar.user_service.service.SmtpEmailServiceTest","sendRegistrationInvite_WithEmptyInviteLink_SendsEmail"
"","36","Should handle null message","","Mon Jul 28 10:22:47 GMT 2025","passed","Mon Jul 28 10:22:47 GMT 2025","","com.talentradar.user_service.exception.InvalidDateFormatExceptionTest","com.talentradar.user_service.exception.InvalidDateFormatExceptionTest","shouldHandleNullMessage"
"","102","Should filter sessions by userId only","","Mon Jul 28 10:22:56 GMT 2025","passed","Mon Jul 28 10:22:56 GMT 2025","","com.talentradar.user_service.controller.SessionControllerTest","com.talentradar.user_service.controller.SessionControllerTest","filterSession_WithUserIdOnly_ReturnsFilteredSessions"
"","4","Should throw exception when email is empty","","Mon Jul 28 10:22:50 GMT 2025","passed","Mon Jul 28 10:22:50 GMT 2025","","com.talentradar.user_service.service.SmtpEmailServiceTest","com.talentradar.user_service.service.SmtpEmailServiceTest","sendRegistrationInvite_WithEmptyEmail_ThrowsException"
"","11","Should get active sessions successfully","","Mon Jul 28 10:22:56 GMT 2025","passed","Mon Jul 28 10:22:56 GMT 2025","","com.talentradar.user_service.controller.SessionControllerTest","com.talentradar.user_service.controller.SessionControllerTest","viewActiveSession_WithValidRequest_ReturnsActiveSessions"
"","1","Should create AppException with message","","Mon Jul 28 10:22:47 GMT 2025","passed","Mon Jul 28 10:22:47 GMT 2025","","com.talentradar.user_service.exception.AppExceptionTest","com.talentradar.user_service.exception.AppExceptionTest","shouldCreateWithMessage"
"","117","testGetActiveSessions_returnsEmptyListWhenNoActiveSessions()","","Mon Jul 28 10:22:57 GMT 2025","passed","Mon Jul 28 10:22:57 GMT 2025","","com.talentradar.user_service.SessionServiceRevokeTests","com.talentradar.user_service.SessionServiceRevokeTests","testGetActiveSessions_returnsEmptyListWhenNoActiveSessions"
"","17","Should return bad request for missing email in login","","Mon Jul 28 10:22:56 GMT 2025","passed","Mon Jul 28 10:22:56 GMT 2025","","com.talentradar.user_service.controller.AuthControllerTest","com.talentradar.user_service.controller.AuthControllerTest","login_WithMissingEmail_ReturnsBadRequest"
"","1","filterSessions_withUserIdAndMalformedDate_shouldThrowInvalidDateFormat()","","Mon Jul 28 10:22:57 GMT 2025","passed","Mon Jul 28 10:22:57 GMT 2025","","com.talentradar.user_service.SessionServiceFilterTest","com.talentradar.user_service.SessionServiceFilterTest","filterSessions_withUserIdAndMalformedDate_shouldThrowInvalidDateFormat"
"","4","Should get current user successfully","","Mon Jul 28 10:22:53 GMT 2025","passed","Mon Jul 28 10:22:53 GMT 2025","","com.talentradar.user_service.service.UserServiceTest","com.talentradar.user_service.service.UserServiceTest","getMe_WithValidUserId_ReturnsUser"
"","7","Should handle null message","","Mon Jul 28 10:22:47 GMT 2025","passed","Mon Jul 28 10:22:47 GMT 2025","","com.talentradar.user_service.exception.ResourceAlreadyExistsExceptionTest","com.talentradar.user_service.exception.ResourceAlreadyExistsExceptionTest","shouldHandleNullMessage"
"","1","Should create SessionNotFoundException with message","","Mon Jul 28 10:22:47 GMT 2025","passed","Mon Jul 28 10:22:47 GMT 2025","","com.talentradar.user_service.exception.SessionNotFoundExceptionTest","com.talentradar.user_service.exception.SessionNotFoundExceptionTest","shouldCreateWithMessage"
"","15","Should return bad request for empty login request body","","Mon Jul 28 10:22:56 GMT 2025","passed","Mon Jul 28 10:22:56 GMT 2025","","com.talentradar.user_service.controller.AuthControllerTest","com.talentradar.user_service.controller.AuthControllerTest","login_WithEmptyBody_ReturnsBadRequest"
"","2","filterSessions_withNoFilters_shouldReturnAll()","","Mon Jul 28 10:22:57 GMT 2025","passed","Mon Jul 28 10:22:57 GMT 2025","","com.talentradar.user_service.SessionServiceFilterTest","com.talentradar.user_service.SessionServiceFilterTest","filterSessions_withNoFilters_shouldReturnAll"
"","2","filterSessions_withEmptyDateAndValidUserId_shouldCallFilterByOnlyUserId()","","Mon Jul 28 10:22:57 GMT 2025","passed","Mon Jul 28 10:22:57 GMT 2025","","com.talentradar.user_service.SessionServiceFilterTest","com.talentradar.user_service.SessionServiceFilterTest","filterSessions_withEmptyDateAndValidUserId_shouldCallFilterByOnlyUserId"
"","10","Should throw RuntimeException when send method fails","","Mon Jul 28 10:22:50 GMT 2025","passed","Mon Jul 28 10:22:50 GMT 2025","","com.talentradar.user_service.service.SmtpEmailServiceTest","com.talentradar.user_service.service.SmtpEmailServiceTest","sendRegistrationInvite_WhenSendMethodFails_ThrowsRuntimeException"
"","13","Should send registration invite email with correct subject","","Mon Jul 28 10:22:50 GMT 2025","passed","Mon Jul 28 10:22:50 GMT 2025","","com.talentradar.user_service.service.SmtpEmailServiceTest","com.talentradar.user_service.service.SmtpEmailServiceTest","sendRegistrationInvite_WithValidParameters_SetsCorrectSubject"
"","2","Should not call sendRegistrationInvite when not invoked","","Mon Jul 28 10:22:50 GMT 2025","passed","Mon Jul 28 10:22:50 GMT 2025","","com.talentradar.user_service.service.EmailServiceTest","com.talentradar.user_service.service.EmailServiceTest","sendRegistrationInvite_NotInvoked_DoesNotCallService"
"","4","Should get users filtered by role","","Mon Jul 28 10:22:53 GMT 2025","passed","Mon Jul 28 10:22:53 GMT 2025","","com.talentradar.user_service.service.UserServiceTest","com.talentradar.user_service.service.UserServiceTest","getAllUsers_WithRoleFilter_ReturnsFilteredUsers"
"","2","filterSessions_withInvalidUserId_shouldThrowException()","","Mon Jul 28 10:22:57 GMT 2025","passed","Mon Jul 28 10:22:57 GMT 2025","","com.talentradar.user_service.SessionServiceFilterTest","com.talentradar.user_service.SessionServiceFilterTest","filterSessions_withInvalidUserId_shouldThrowException"
"","3","Should throw exception when token is empty","","Mon Jul 28 10:22:53 GMT 2025","passed","Mon Jul 28 10:22:53 GMT 2025","","com.talentradar.user_service.service.UserServiceTest","com.talentradar.user_service.service.UserServiceTest","completeRegistration_WithEmptyToken_ThrowsException"
"","20","filterSessions_withOnlyDate_shouldCallFilterByOnlyDate()","","Mon Jul 28 10:22:57 GMT 2025","passed","Mon Jul 28 10:22:57 GMT 2025","","com.talentradar.user_service.SessionServiceFilterTest","com.talentradar.user_service.SessionServiceFilterTest","filterSessions_withOnlyDate_shouldCallFilterByOnlyDate"
"","198","Should successfully get all roles","","Mon Jul 28 10:22:51 GMT 2025","passed","Mon Jul 28 10:22:51 GMT 2025","","com.talentradar.user_service.service.RoleServiceTest","com.talentradar.user_service.service.RoleServiceTest","getAllRoles_WithValidRequest_ReturnsAllRoles"
"","4","Should throw RuntimeException when both parameters are invalid","","Mon Jul 28 10:22:50 GMT 2025","passed","Mon Jul 28 10:22:50 GMT 2025","","com.talentradar.user_service.service.SmtpEmailServiceTest","com.talentradar.user_service.service.SmtpEmailServiceTest","sendRegistrationInvite_WithBothInvalidParameters_ThrowsRuntimeException"
"","5","Should handle null cause","","Mon Jul 28 10:22:47 GMT 2025","passed","Mon Jul 28 10:22:47 GMT 2025","","com.talentradar.user_service.exception.ResourceAlreadyExistsExceptionTest","com.talentradar.user_service.exception.ResourceAlreadyExistsExceptionTest","shouldHandleNullCause"
"","152","Should throw exception when user not found during completion","","Mon Jul 28 10:22:53 GMT 2025","passed","Mon Jul 28 10:22:53 GMT 2025","","com.talentradar.user_service.service.UserServiceTest","com.talentradar.user_service.service.UserServiceTest","completeRegistration_WithInvalidToken_UserNotFound_ThrowsException"
"","2","Should call sendRegistrationInvite with empty invite link","","Mon Jul 28 10:22:50 GMT 2025","passed","Mon Jul 28 10:22:50 GMT 2025","","com.talentradar.user_service.service.EmailServiceTest","com.talentradar.user_service.service.EmailServiceTest","sendRegistrationInvite_WithEmptyInviteLink_CallsService"
"","57","Should return error response when service returns error","","Mon Jul 28 10:22:55 GMT 2025","passed","Mon Jul 28 10:22:55 GMT 2025","","com.talentradar.user_service.controller.RoleControllerTest","com.talentradar.user_service.controller.RoleControllerTest","getAllRoles_WhenServiceReturnsError_ReturnsErrorResponse"
"","176","Should return bad request for missing password in login","","Mon Jul 28 10:22:56 GMT 2025","passed","Mon Jul 28 10:22:56 GMT 2025","","com.talentradar.user_service.controller.AuthControllerTest","com.talentradar.user_service.controller.AuthControllerTest","login_WithMissingPassword_ReturnsBadRequest"
"","27","Should complete registration with valid token","","Mon Jul 28 10:22:56 GMT 2025","passed","Mon Jul 28 10:22:56 GMT 2025","","com.talentradar.user_service.controller.AuthControllerTest","com.talentradar.user_service.controller.AuthControllerTest","completeRegistration_WithValidToken_ReturnsOk"
"","5","Should handle null cause","","Mon Jul 28 10:22:47 GMT 2025","passed","Mon Jul 28 10:22:47 GMT 2025","","com.talentradar.user_service.exception.InvalidTokenExceptionTest","com.talentradar.user_service.exception.InvalidTokenExceptionTest","shouldHandleNullCause"
"","22","Should return bad request for invalid token during completion","","Mon Jul 28 10:22:56 GMT 2025","passed","Mon Jul 28 10:22:56 GMT 2025","","com.talentradar.user_service.controller.AuthControllerTest","com.talentradar.user_service.controller.AuthControllerTest","completeRegistration_WithInvalidToken_ReturnsBadRequest"
"","15","Should send multiple registration invite emails","","Mon Jul 28 10:22:50 GMT 2025","passed","Mon Jul 28 10:22:50 GMT 2025","","com.talentradar.user_service.service.SmtpEmailServiceTest","com.talentradar.user_service.service.SmtpEmailServiceTest","sendRegistrationInvite_MultipleCalls_SendsMultipleEmails"
"","20","Should get all roles successfully","","Mon Jul 28 10:22:56 GMT 2025","passed","Mon Jul 28 10:22:56 GMT 2025","","com.talentradar.user_service.controller.RoleControllerTest","com.talentradar.user_service.controller.RoleControllerTest","getAllRoles_WithValidRequest_ReturnsRoles"
"","2","Should return single role when only one role exists","","Mon Jul 28 10:22:51 GMT 2025","passed","Mon Jul 28 10:22:51 GMT 2025","","com.talentradar.user_service.service.RoleServiceTest","com.talentradar.user_service.service.RoleServiceTest","getAllRoles_WithSingleRole_ReturnsSingleRole"
"","6","Should validate registration token successfully","","Mon Jul 28 10:22:53 GMT 2025","passed","Mon Jul 28 10:22:53 GMT 2025","","com.talentradar.user_service.service.UserServiceTest","com.talentradar.user_service.service.UserServiceTest","validateRegistrationToken_WithValidToken_ReturnsUser"
"","2","Should call sendRegistrationInvite with null parameters","","Mon Jul 28 10:22:50 GMT 2025","passed","Mon Jul 28 10:22:50 GMT 2025","","com.talentradar.user_service.service.EmailServiceTest","com.talentradar.user_service.service.EmailServiceTest","sendRegistrationInvite_WithNullParameters_CallsService"
"","116","Should get current user successfully","","Mon Jul 28 10:22:55 GMT 2025","passed","Mon Jul 28 10:22:55 GMT 2025","","com.talentradar.user_service.controller.UserControllerTest","com.talentradar.user_service.controller.UserControllerTest","getMe_WithValidUserId_ReturnsUser"
"","18","Should handle service exception gracefully","","Mon Jul 28 10:22:55 GMT 2025","passed","Mon Jul 28 10:22:56 GMT 2025","","com.talentradar.user_service.controller.RoleControllerTest","com.talentradar.user_service.controller.RoleControllerTest","getAllRoles_WhenServiceThrowsException_ReturnsError"
"","2","Should create InvalidTokenException with message and cause","","Mon Jul 28 10:22:47 GMT 2025","passed","Mon Jul 28 10:22:47 GMT 2025","","com.talentradar.user_service.exception.InvalidTokenExceptionTest","com.talentradar.user_service.exception.InvalidTokenExceptionTest","shouldCreateWithMessageAndCause"
"","17","Should validate registration token successfully","","Mon Jul 28 10:22:56 GMT 2025","passed","Mon Jul 28 10:22:56 GMT 2025","","com.talentradar.user_service.controller.AuthControllerTest","com.talentradar.user_service.controller.AuthControllerTest","validateRegistrationToken_WithValidToken_ReturnsUserEmail"
"","4","Should throw exception when user not found","","Mon Jul 28 10:22:53 GMT 2025","passed","Mon Jul 28 10:22:53 GMT 2025","","com.talentradar.user_service.service.CustomUserDetailsServiceTest","com.talentradar.user_service.service.CustomUserDetailsServiceTest","loadUserByUsername_WithInvalidEmail_ThrowsUsernameNotFoundException"
"","1","Should handle null message","","Mon Jul 28 10:22:47 GMT 2025","passed","Mon Jul 28 10:22:47 GMT 2025","","com.talentradar.user_service.exception.AppExceptionTest","com.talentradar.user_service.exception.AppExceptionTest","shouldHandleNullMessage"
"","5","Should create InvalidTokenException with message","","Mon Jul 28 10:22:47 GMT 2025","passed","Mon Jul 28 10:22:47 GMT 2025","","com.talentradar.user_service.exception.InvalidTokenExceptionTest","com.talentradar.user_service.exception.InvalidTokenExceptionTest","shouldCreateWithMessage"
"","6","Should successfully initiate registration for developer and send event","","Mon Jul 28 10:22:53 GMT 2025","passed","Mon Jul 28 10:22:53 GMT 2025","","com.talentradar.user_service.service.UserServiceTest","com.talentradar.user_service.service.UserServiceTest","initiateRegistration_WithDeveloperRole_SendsEvent"
"","1","Should create InvalidDateFormatException with message","","Mon Jul 28 10:22:47 GMT 2025","passed","Mon Jul 28 10:22:47 GMT 2025","","com.talentradar.user_service.exception.InvalidDateFormatExceptionTest","com.talentradar.user_service.exception.InvalidDateFormatExceptionTest","shouldCreateWithMessage"
"","3","Should call sendRegistrationInvite with empty email","","Mon Jul 28 10:22:50 GMT 2025","passed","Mon Jul 28 10:22:50 GMT 2025","","com.talentradar.user_service.service.EmailServiceTest","com.talentradar.user_service.service.EmailServiceTest","sendRegistrationInvite_WithEmptyEmail_CallsService"
"","4","Should throw exception when role not found in initiateRegistration","","Mon Jul 28 10:22:53 GMT 2025","passed","Mon Jul 28 10:22:53 GMT 2025","","com.talentradar.user_service.service.UserServiceTest","com.talentradar.user_service.service.UserServiceTest","initiateRegistration_WithInvalidRoleId_ThrowsException"
"","28","Should return error when user ID header is missing","","Mon Jul 28 10:22:55 GMT 2025","passed","Mon Jul 28 10:22:55 GMT 2025","","com.talentradar.user_service.controller.UserControllerTest","com.talentradar.user_service.controller.UserControllerTest","getMe_WithMissingUserIdHeader_ReturnsBadRequest"
"","24","Should return conflict for existing email","","Mon Jul 28 10:22:56 GMT 2025","passed","Mon Jul 28 10:22:56 GMT 2025","","com.talentradar.user_service.controller.AuthControllerTest","com.talentradar.user_service.controller.AuthControllerTest","inviteUser_WithExistingEmail_ReturnsConflict"
"","4","Should throw RuntimeException when email contains special characters","","Mon Jul 28 10:22:50 GMT 2025","passed","Mon Jul 28 10:22:50 GMT 2025","","com.talentradar.user_service.service.SmtpEmailServiceTest","com.talentradar.user_service.service.SmtpEmailServiceTest","sendRegistrationInvite_WithSpecialCharactersInEmail_ThrowsRuntimeException"
"","4","Should handle pagination with page 0","","Mon Jul 28 10:22:53 GMT 2025","passed","Mon Jul 28 10:22:53 GMT 2025","","com.talentradar.user_service.service.UserServiceTest","com.talentradar.user_service.service.UserServiceTest","getAllUsers_WithPageZero_HandlesCorrectly"
"","4","Should handle null message","","Mon Jul 28 10:22:47 GMT 2025","passed","Mon Jul 28 10:22:47 GMT 2025","","com.talentradar.user_service.exception.ResourceNotFoundExceptionTest","com.talentradar.user_service.exception.ResourceNotFoundExceptionTest","shouldHandleNullMessage"
"","4","Should throw exception when user not found during token validation","","Mon Jul 28 10:22:53 GMT 2025","passed","Mon Jul 28 10:22:53 GMT 2025","","com.talentradar.user_service.service.UserServiceTest","com.talentradar.user_service.service.UserServiceTest","validateRegistrationToken_WithInvalidToken_UserNotFound_ThrowsException"
"","4","Should throw RuntimeException when invite link contains malicious content","","Mon Jul 28 10:22:50 GMT 2025","passed","Mon Jul 28 10:22:50 GMT 2025","","com.talentradar.user_service.service.SmtpEmailServiceTest","com.talentradar.user_service.service.SmtpEmailServiceTest","sendRegistrationInvite_WithMaliciousInviteLink_ThrowsRuntimeException"
"","6","Should successfully initiate registration for regular user","","Mon Jul 28 10:22:53 GMT 2025","passed","Mon Jul 28 10:22:53 GMT 2025","","com.talentradar.user_service.service.UserServiceTest","com.talentradar.user_service.service.UserServiceTest","initiateRegistration_WithValidRequest_SuccessfullyCreatesUser"
"","30","Should get users filtered by role","","Mon Jul 28 10:22:55 GMT 2025","passed","Mon Jul 28 10:22:55 GMT 2025","","com.talentradar.user_service.controller.UserControllerTest","com.talentradar.user_service.controller.UserControllerTest","getAll_WithRoleFilter_ReturnsFilteredUsers"
"","11","Should send registration invite email successfully","","Mon Jul 28 10:22:50 GMT 2025","passed","Mon Jul 28 10:22:50 GMT 2025","","com.talentradar.user_service.service.SmtpEmailServiceTest","com.talentradar.user_service.service.SmtpEmailServiceTest","sendRegistrationInvite_WithValidParameters_SendsEmail"
"","2","Should handle inactive user correctly","","Mon Jul 28 10:22:53 GMT 2025","passed","Mon Jul 28 10:22:53 GMT 2025","","com.talentradar.user_service.service.CustomUserDetailsServiceTest","com.talentradar.user_service.service.CustomUserDetailsServiceTest","loadUserByUsername_WithInactiveUser_ReturnsUserDetailsWithCorrectStatus"
"","3","filterSessions_withDateAndNullUserId_shouldCallFilterByOnlyDate()","","Mon Jul 28 10:22:57 GMT 2025","passed","Mon Jul 28 10:22:57 GMT 2025","","com.talentradar.user_service.SessionServiceFilterTest","com.talentradar.user_service.SessionServiceFilterTest","filterSessions_withDateAndNullUserId_shouldCallFilterByOnlyDate"
"","6","Should throw exception when token is invalid","","Mon Jul 28 10:22:53 GMT 2025","passed","Mon Jul 28 10:22:53 GMT 2025","","com.talentradar.user_service.service.UserServiceTest","com.talentradar.user_service.service.UserServiceTest","validateRegistrationToken_WithInvalidToken_ThrowsException"
"","4","Should call sendRegistrationInvite with correct parameters","","Mon Jul 28 10:22:50 GMT 2025","passed","Mon Jul 28 10:22:50 GMT 2025","","com.talentradar.user_service.service.EmailServiceTest","com.talentradar.user_service.service.EmailServiceTest","sendRegistrationInvite_WithValidParameters_CallsService"
"","3","Should throw exception when user not found in getMe","","Mon Jul 28 10:22:53 GMT 2025","passed","Mon Jul 28 10:22:53 GMT 2025","","com.talentradar.user_service.service.UserServiceTest","com.talentradar.user_service.service.UserServiceTest","getMe_WithInvalidUserId_ThrowsException"
"","15","Should throw BadCredentialsException when authentication fails","","Mon Jul 28 10:22:50 GMT 2025","passed","Mon Jul 28 10:22:50 GMT 2025","","com.talentradar.user_service.service.AuthenticationServiceTest","com.talentradar.user_service.service.AuthenticationServiceTest","login_WithInvalidCredentials_ThrowsBadCredentialsException"
"","26","Should get all users with default pagination","","Mon Jul 28 10:22:55 GMT 2025","passed","Mon Jul 28 10:22:55 GMT 2025","","com.talentradar.user_service.controller.UserControllerTest","com.talentradar.user_service.controller.UserControllerTest","getAll_WithDefaultPagination_ReturnsUsers"
"","153","Should successfully invite user with valid data","","Mon Jul 28 10:22:56 GMT 2025","passed","Mon Jul 28 10:22:56 GMT 2025","","com.talentradar.user_service.controller.AuthControllerTest","com.talentradar.user_service.controller.AuthControllerTest","inviteUser_WithValidData_ReturnsCreated"
"","21","Should return bad request for invalid login credentials","","Mon Jul 28 10:22:56 GMT 2025","passed","Mon Jul 28 10:22:56 GMT 2025","","com.talentradar.user_service.controller.AuthControllerTest","com.talentradar.user_service.controller.AuthControllerTest","login_WithInvalidCredentials_ReturnsBadRequest"
"","12","Should filter sessions by date only","","Mon Jul 28 10:22:56 GMT 2025","passed","Mon Jul 28 10:22:56 GMT 2025","","com.talentradar.user_service.controller.SessionControllerTest","com.talentradar.user_service.controller.SessionControllerTest","filterSession_WithDateOnly_ReturnsFilteredSessions"
"","12","Should handle service exception gracefully","","Mon Jul 28 10:22:56 GMT 2025","passed","Mon Jul 28 10:22:56 GMT 2025","","com.talentradar.user_service.controller.SessionControllerTest","com.talentradar.user_service.controller.SessionControllerTest","viewActiveSession_WhenServiceThrowsException_ReturnsError"
"","5","Should throw RuntimeException when invite link is invalid","","Mon Jul 28 10:22:50 GMT 2025","passed","Mon Jul 28 10:22:50 GMT 2025","","com.talentradar.user_service.service.SmtpEmailServiceTest","com.talentradar.user_service.service.SmtpEmailServiceTest","sendRegistrationInvite_WithInvalidInviteLink_ThrowsRuntimeException"
"","22","Should return error for invalid registration token","","Mon Jul 28 10:22:56 GMT 2025","passed","Mon Jul 28 10:22:56 GMT 2025","","com.talentradar.user_service.controller.AuthControllerTest","com.talentradar.user_service.controller.AuthControllerTest","validateRegistrationToken_WithInvalidToken_ReturnsError"
"","10","testGetActiveSessions_returnsMappedDtos()","","Mon Jul 28 10:22:57 GMT 2025","passed","Mon Jul 28 10:22:57 GMT 2025","","com.talentradar.user_service.SessionServiceRevokeTests","com.talentradar.user_service.SessionServiceRevokeTests","testGetActiveSessions_returnsMappedDtos"
"","2","testRevokeSessionById_whenSessionExists_shouldInvalidateAndDelete()","","Mon Jul 28 10:22:57 GMT 2025","passed","Mon Jul 28 10:22:57 GMT 2025","","com.talentradar.user_service.SessionServiceRevokeTests","com.talentradar.user_service.SessionServiceRevokeTests","testRevokeSessionById_whenSessionExists_shouldInvalidateAndDelete"
"","177","testRevokeSessionById_whenSessionNotFound_shouldThrowException()","","Mon Jul 28 10:22:56 GMT 2025","passed","Mon Jul 28 10:22:57 GMT 2025","","com.talentradar.user_service.SessionServiceRevokeTests","com.talentradar.user_service.SessionServiceRevokeTests","testRevokeSessionById_whenSessionNotFound_shouldThrowException"
"","2286","Should return error when user ID header is invalid","","Mon Jul 28 10:22:53 GMT 2025","passed","Mon Jul 28 10:22:55 GMT 2025","","com.talentradar.user_service.controller.UserControllerTest","com.talentradar.user_service.controller.UserControllerTest","getMe_WithInvalidUserIdHeader_ReturnsBadRequest"
"","2","testRevokeSessionById_handlesMinimalSessionObject()","","Mon Jul 28 10:22:57 GMT 2025","passed","Mon Jul 28 10:22:57 GMT 2025","","com.talentradar.user_service.SessionServiceRevokeTests","com.talentradar.user_service.SessionServiceRevokeTests","testRevokeSessionById_handlesMinimalSessionObject"
"","11","Should get all users with pagination","","Mon Jul 28 10:22:52 GMT 2025","passed","Mon Jul 28 10:22:52 GMT 2025","","com.talentradar.user_service.service.UserServiceTest","com.talentradar.user_service.service.UserServiceTest","getAllUsers_WithValidPagination_ReturnsUsers"
"","4","Should throw RuntimeException when email address is invalid","","Mon Jul 28 10:22:50 GMT 2025","passed","Mon Jul 28 10:22:50 GMT 2025","","com.talentradar.user_service.service.SmtpEmailServiceTest","com.talentradar.user_service.service.SmtpEmailServiceTest","sendRegistrationInvite_WithInvalidEmail_ThrowsRuntimeException"
"","6","Should throw exception when no manager found for developer","","Mon Jul 28 10:22:53 GMT 2025","passed","Mon Jul 28 10:22:53 GMT 2025","","com.talentradar.user_service.service.UserServiceTest","com.talentradar.user_service.service.UserServiceTest","initiateRegistration_WithDeveloperRole_NoManagerFound_ThrowsException"
"","22","Should get all users with custom pagination","","Mon Jul 28 10:22:55 GMT 2025","passed","Mon Jul 28 10:22:55 GMT 2025","","com.talentradar.user_service.controller.UserControllerTest","com.talentradar.user_service.controller.UserControllerTest","getAll_WithCustomPagination_ReturnsUsers"
"","11","Should throw RuntimeException when email processing fails","","Mon Jul 28 10:22:50 GMT 2025","passed","Mon Jul 28 10:22:50 GMT 2025","","com.talentradar.user_service.service.SmtpEmailServiceTest","com.talentradar.user_service.service.SmtpEmailServiceTest","sendRegistrationInvite_WhenEmailProcessingFails_ThrowsRuntimeException"
"","9","Should successfully load user by email","","Mon Jul 28 10:22:53 GMT 2025","passed","Mon Jul 28 10:22:53 GMT 2025","","com.talentradar.user_service.service.CustomUserDetailsServiceTest","com.talentradar.user_service.service.CustomUserDetailsServiceTest","loadUserByUsername_WithValidEmail_ReturnsUserDetails"
"","2","filterSessions_shouldPreservePaginationMeta()","","Mon Jul 28 10:22:57 GMT 2025","passed","Mon Jul 28 10:22:57 GMT 2025","","com.talentradar.user_service.SessionServiceFilterTest","com.talentradar.user_service.SessionServiceFilterTest","filterSessions_shouldPreservePaginationMeta"
"","107","filterSessions_withOnlyUserId_shouldCallFilterByOnlyUserId()","","Mon Jul 28 10:22:57 GMT 2025","passed","Mon Jul 28 10:22:57 GMT 2025","","com.talentradar.user_service.SessionServiceFilterTest","com.talentradar.user_service.SessionServiceFilterTest","filterSessions_withOnlyUserId_shouldCallFilterByOnlyUserId"
"","4","Should throw exception when role not found in getAllUsers","","Mon Jul 28 10:22:53 GMT 2025","passed","Mon Jul 28 10:22:53 GMT 2025","","com.talentradar.user_service.service.UserServiceTest","com.talentradar.user_service.service.UserServiceTest","getAllUsers_WithInvalidRoleId_ThrowsException"
"","2","Should handle empty email","","Mon Jul 28 10:22:53 GMT 2025","passed","Mon Jul 28 10:22:53 GMT 2025","","com.talentradar.user_service.service.CustomUserDetailsServiceTest","com.talentradar.user_service.service.CustomUserDetailsServiceTest","loadUserByUsername_WithEmptyEmail_ThrowsUsernameNotFoundException"
"","3","Should return empty list when no roles exist","","Mon Jul 28 10:22:51 GMT 2025","passed","Mon Jul 28 10:22:51 GMT 2025","","com.talentradar.user_service.service.RoleServiceTest","com.talentradar.user_service.service.RoleServiceTest","getAllRoles_WithNoRoles_ReturnsEmptyList"
"","29","Should return empty roles list when no roles exist","","Mon Jul 28 10:22:56 GMT 2025","passed","Mon Jul 28 10:22:56 GMT 2025","","com.talentradar.user_service.controller.RoleControllerTest","com.talentradar.user_service.controller.RoleControllerTest","getAllRoles_WithNoRoles_ReturnsEmptyList"
"","4","filterSessions_withUserIdAndDate_shouldCallFilterByUserIdAndDate()","","Mon Jul 28 10:22:57 GMT 2025","passed","Mon Jul 28 10:22:57 GMT 2025","","com.talentradar.user_service.SessionServiceFilterTest","com.talentradar.user_service.SessionServiceFilterTest","filterSessions_withUserIdAndDate_shouldCallFilterByUserIdAndDate"
"","1730","Should successfully initiate registration for manager and send event","","Mon Jul 28 10:22:51 GMT 2025","passed","Mon Jul 28 10:22:52 GMT 2025","","com.talentradar.user_service.service.UserServiceTest","com.talentradar.user_service.service.UserServiceTest","initiateRegistration_WithManagerRole_SendsEvent"
"","1","Should successfully load admin user","","Mon Jul 28 10:22:53 GMT 2025","passed","Mon Jul 28 10:22:53 GMT 2025","","com.talentradar.user_service.service.CustomUserDetailsServiceTest","com.talentradar.user_service.service.CustomUserDetailsServiceTest","loadUserByUsername_WithAdminUser_ReturnsAdminUserDetails"
"","6","Should handle null email","","Mon Jul 28 10:22:53 GMT 2025","passed","Mon Jul 28 10:22:53 GMT 2025","","com.talentradar.user_service.service.CustomUserDetailsServiceTest","com.talentradar.user_service.service.CustomUserDetailsServiceTest","loadUserByUsername_WithNullEmail_ThrowsUsernameNotFoundException"
"","12","Should filter sessions with no parameters","","Mon Jul 28 10:22:56 GMT 2025","passed","Mon Jul 28 10:22:56 GMT 2025","","com.talentradar.user_service.controller.SessionControllerTest","com.talentradar.user_service.controller.SessionControllerTest","filterSession_WithNoParameters_ReturnsAllSessions"
"","1","Should handle empty message","","Mon Jul 28 10:22:47 GMT 2025","passed","Mon Jul 28 10:22:47 GMT 2025","","com.talentradar.user_service.exception.AppExceptionTest","com.talentradar.user_service.exception.AppExceptionTest","shouldHandleEmptyMessage"
"","31","Should return bad request for missing role ID","","Mon Jul 28 10:22:56 GMT 2025","passed","Mon Jul 28 10:22:56 GMT 2025","","com.talentradar.user_service.controller.AuthControllerTest","com.talentradar.user_service.controller.AuthControllerTest","inviteUser_WithMissingRoleId_ReturnsBadRequest"
"","21","Should throw exception when token is expired","","Mon Jul 28 10:22:53 GMT 2025","passed","Mon Jul 28 10:22:53 GMT 2025","","com.talentradar.user_service.service.UserServiceTest","com.talentradar.user_service.service.UserServiceTest","validateRegistrationToken_WithExpiredToken_ThrowsException"
"","3","Should throw exception when token is null","","Mon Jul 28 10:22:52 GMT 2025","passed","Mon Jul 28 10:22:53 GMT 2025","","com.talentradar.user_service.service.UserServiceTest","com.talentradar.user_service.service.UserServiceTest","completeRegistration_WithNullToken_ThrowsException"
"","12","Should filter sessions by userId and date","","Mon Jul 28 10:22:56 GMT 2025","passed","Mon Jul 28 10:22:56 GMT 2025","","com.talentradar.user_service.controller.SessionControllerTest","com.talentradar.user_service.controller.SessionControllerTest","filterSession_WithUserIdAndDate_ReturnsFilteredSessions"
"","4","Should create ResourceAlreadyExistsException with message","","Mon Jul 28 10:22:47 GMT 2025","passed","Mon Jul 28 10:22:47 GMT 2025","","com.talentradar.user_service.exception.ResourceAlreadyExistsExceptionTest","com.talentradar.user_service.exception.ResourceAlreadyExistsExceptionTest","shouldCreateWithMessage"
"","5","Should throw exception when email is null","","Mon Jul 28 10:22:50 GMT 2025","passed","Mon Jul 28 10:22:50 GMT 2025","","com.talentradar.user_service.service.SmtpEmailServiceTest","com.talentradar.user_service.service.SmtpEmailServiceTest","sendRegistrationInvite_WithNullEmail_ThrowsException"
"","10","Should handle username generation with conflicts","","Mon Jul 28 10:22:53 GMT 2025","passed","Mon Jul 28 10:22:53 GMT 2025","","com.talentradar.user_service.service.UserServiceTest","com.talentradar.user_service.service.UserServiceTest","completeRegistration_WithUsernameConflict_GeneratesUniqueUsername"
"","1","Should create ResourceNotFoundException with message","","Mon Jul 28 10:22:47 GMT 2025","passed","Mon Jul 28 10:22:47 GMT 2025","","com.talentradar.user_service.exception.ResourceNotFoundExceptionTest","com.talentradar.user_service.exception.ResourceNotFoundExceptionTest","shouldCreateWithMessage"
"","3","Should throw exception when token is empty in validation","","Mon Jul 28 10:22:53 GMT 2025","passed","Mon Jul 28 10:22:53 GMT 2025","","com.talentradar.user_service.service.UserServiceTest","com.talentradar.user_service.service.UserServiceTest","validateRegistrationToken_WithEmptyToken_ThrowsException"
"","55","Should call sendRegistrationInvite multiple times","","Mon Jul 28 10:22:50 GMT 2025","passed","Mon Jul 28 10:22:50 GMT 2025","","com.talentradar.user_service.service.EmailServiceTest","com.talentradar.user_service.service.EmailServiceTest","sendRegistrationInvite_MultipleCalls_CallsServiceMultipleTimes"
"","21","Should return bad request when passwords don't match","","Mon Jul 28 10:22:56 GMT 2025","passed","Mon Jul 28 10:22:56 GMT 2025","","com.talentradar.user_service.controller.AuthControllerTest","com.talentradar.user_service.controller.AuthControllerTest","completeRegistration_WithMismatchedPasswords_ReturnsBadRequest"
"","3","Should throw exception when email already exists","","Mon Jul 28 10:22:53 GMT 2025","passed","Mon Jul 28 10:22:53 GMT 2025","","com.talentradar.user_service.service.UserServiceTest","com.talentradar.user_service.service.UserServiceTest","initiateRegistration_WithExistingEmail_ThrowsException"
"","13","Should verify authentication token contains correct credentials","","Mon Jul 28 10:22:50 GMT 2025","passed","Mon Jul 28 10:22:50 GMT 2025","","com.talentradar.user_service.service.AuthenticationServiceTest","com.talentradar.user_service.service.AuthenticationServiceTest","login_VerifiesAuthenticationTokenContainsCorrectCredentials"
"","18","Should return bad request when token is missing","","Mon Jul 28 10:22:56 GMT 2025","passed","Mon Jul 28 10:22:56 GMT 2025","","com.talentradar.user_service.controller.AuthControllerTest","com.talentradar.user_service.controller.AuthControllerTest","validateRegistrationToken_WithMissingToken_ReturnsBadRequest"
"","32","Should login successfully with valid credentials","","Mon Jul 28 10:22:56 GMT 2025","passed","Mon Jul 28 10:22:56 GMT 2025","","com.talentradar.user_service.controller.AuthControllerTest","com.talentradar.user_service.controller.AuthControllerTest","login_WithValidCredentials_ReturnsOk"
"","15","Should delete session successfully","","Mon Jul 28 10:22:56 GMT 2025","passed","Mon Jul 28 10:22:56 GMT 2025","","com.talentradar.user_service.controller.SessionControllerTest","com.talentradar.user_service.controller.SessionControllerTest","deleteSession_WithValidSessionId_ReturnsSuccess"
"","4","Should handle empty message","","Mon Jul 28 10:22:47 GMT 2025","passed","Mon Jul 28 10:22:47 GMT 2025","","com.talentradar.user_service.exception.InvalidDateFormatExceptionTest","com.talentradar.user_service.exception.InvalidDateFormatExceptionTest","shouldHandleEmptyMessage"
"","2081","Should successfully authenticate user and return token","","Mon Jul 28 10:22:48 GMT 2025","passed","Mon Jul 28 10:22:50 GMT 2025","","com.talentradar.user_service.service.AuthenticationServiceTest","com.talentradar.user_service.service.AuthenticationServiceTest","login_WithValidCredentials_ReturnsTokenAndUserData"
"","3","Should throw exception when token is null in validation","","Mon Jul 28 10:22:53 GMT 2025","passed","Mon Jul 28 10:22:53 GMT 2025","","com.talentradar.user_service.service.UserServiceTest","com.talentradar.user_service.service.UserServiceTest","validateRegistrationToken_WithNullToken_ThrowsException"
"","2","Should not send email when not invoked","","Mon Jul 28 10:22:50 GMT 2025","passed","Mon Jul 28 10:22:50 GMT 2025","","com.talentradar.user_service.service.SmtpEmailServiceTest","com.talentradar.user_service.service.SmtpEmailServiceTest","sendRegistrationInvite_NotInvoked_DoesNotSendEmail"
